_id,first_name,last_name,date_of_birth,SSN,last_review_date
654fad678a121891e7349921,Ayden,Walker,1/1/1943,EUH555988,6/27/2022
654fad678a121891e7349922,Collins,Lyons,11/22/1943,ORV044551,7/4/2022
654fad678a121891e7349923,Victoria,Carroll,5/3/1944,IKL923237,7/7/2022
654fad678a121891e7349924,Aubree,Coleman,10/13/1944,NOA104586,7/11/2022
654fad678a121891e7349925,Amelia,Norris,6/12/1943,YEF494130,6/30/2022
654fad678a121891e7349926,Anthony,Brooks,3/25/1945,XZH270428,7/15/2022
654fad678a121891e7349927,Alice,Griffin,9/4/1945,QEN706600,7/18/2022
654fad678a121891e7349928,Asher,Brewer,2/14/1946,CIU222093,7/22/2022
654fad678a121891e7349929,Addison,Rodriguez,1/6/1947,GMG271950,7/29/2022
654fad678a121891e734992a,Ayla,Mccoy,7/27/1946,OXW103220,7/25/2022
654fad678a121891e734992b,Eloise,Flores,11/28/1947,CMZ153217,8/5/2022
654fad678a121891e734992c,Maddox,Leon,5/9/1948,GTB923631,8/9/2022
654fad678a121891e734992d,Justin,Valdez,10/18/1948,RPJ996036,8/13/2022
654fad678a121891e734992e,Avery,Berry,6/18/1947,FLJ496126,8/2/2022
654fad678a121891e734992f,Ember,Ryan,3/30/1949,ZGP343026,8/16/2022
654fad678a121891e7349930,Daisy,Payne,9/9/1949,TCQ302193,8/20/2022
654fad678a121891e7349931,Emma,Mullins,8/1/1950,XDY820049,8/27/2022
654fad678a121891e7349932,Everett,Khan,1/11/1951,OAN762069,8/31/2022
654fad678a121891e7349933,Adriel,Farmer,2/19/1950,LPT607271,8/23/2022
654fad678a121891e7349934,Sage,Jenkins,6/23/1951,PSJ762725,9/3/2022
654fad678a121891e7349935,Brianna,Newman,12/3/1951,ZIH620333,9/7/2022
654fad678a121891e7349936,Morgan,Wagner,5/14/1952,TQX644971,9/10/2022
654fad678a121891e7349937,Annie,Paul,10/24/1952,ICD911038,9/14/2022
654fad678a121891e7349938,Kyrie,Harris,4/5/1953,NWP043943,9/18/2022
654fad678a121891e7349939,Zachary,Morales,9/15/1953,KWH363147,9/21/2022
654fad678a121891e734993a,Bennett,Willis,2/25/1954,ZWR138697,9/25/2022
654fad678a121891e734993b,Zoey,Kim,8/6/1954,XEZ159587,9/29/2022
654fad678a121891e734993c,Bryson,King,1/16/1955,RFV376704,10/2/2022
654fad678a121891e734993d,Tate,Howell,12/8/1955,CSM538844,10/9/2022
654fad678a121891e734993e,Remington,Pierce,5/19/1956,KFO497858,10/13/2022
654fad678a121891e734993f,Tate,Harper,10/29/1956,RNJ109604,10/17/2022
654fad678a121891e7349940,Emiliano,Goodman,4/10/1957,GSQ435949,10/20/2022
654fad678a121891e7349941,Kairo,Singh,9/20/1957,YJT938939,10/24/2022
654fad678a121891e7349942,Dean,Lucas,3/2/1958,FSK417019,10/28/2022
654fad678a121891e7349943,Kaylee,Hanson,8/12/1958,OES931222,10/31/2022
654fad678a121891e7349944,Graham,Riley,1/22/1959,YPX354537,11/4/2022
654fad678a121891e7349945,Tate,Bailey,7/4/1959,AOU734063,11/7/2022
654fad678a121891e7349946,Carter,Benson,5/24/1960,OVV646239,11/15/2022
654fad678a121891e7349947,Sienna,Torres,12/13/1959,AFR861093,11/11/2022
654fad678a121891e7349948,Parker,Boyd,4/15/1961,YGS463628,11/22/2022
654fad678a121891e7349949,Thiago,Kim,9/25/1961,LZM330011,11/25/2022
654fad678a121891e734994a,Hayden,Montoya,11/3/1960,QWU076468,11/18/2022
654fad678a121891e734994b,Faith,Colon,3/7/1962,KTN312489,11/29/2022
654fad678a121891e734994c,Sophia,Warren,8/17/1962,WEG216250,12/3/2022
654fad678a121891e734994d,Aiden,Sanchez,1/27/1963,GYX536938,12/6/2022
654fad678a121891e734994e,Aliyah,Goodman,7/9/1963,EEJ401432,12/10/2022
654fad678a121891e734994f,Madeline,Robertson,5/30/1964,HCA020052,12/17/2022
654fad678a121891e7349950,Hailey,Logan,12/19/1963,WUK228016,12/14/2022
654fad678a121891e7349951,Jesse,Turner,11/9/1964,ZRM808511,12/21/2022
654fad678a121891e7349952,Samuel,Deleon,9/30/1965,MEY596508,12/28/2022
654fad678a121891e7349953,Emiliano,Moore,4/21/1965,HGK335888,12/24/2022
654fad678a121891e7349954,Willow,Fisher,8/22/1966,YRN297409,1/4/2023
654fad678a121891e7349955,Chloe,Malone,3/12/1966,VMV529701,1/1/2023
654fad678a121891e7349956,William,Fisher,7/14/1967,ZOR959743,1/12/2023
654fad678a121891e7349957,Liam,Parsons,12/24/1967,ZZN313011,1/15/2023
654fad678a121891e7349958,Lucy,Bennett,2/1/1967,UAG349468,1/8/2023
654fad678a121891e7349959,Elliott,Harrington,6/28/1955,VXV169829,10/6/2022
654fad678a121891e734995a,Luca,Fitzgerald,6/4/1968,VHO470095,1/19/2023
654fad678a121891e734995b,Mila,Gordon,10/6/1969,WRP331497,1/30/2023
654fad678a121891e734995c,Lincoln,Schwartz,4/26/1969,CMQ448312,1/26/2023
654fad678a121891e734995d,Luna,Paul,3/18/1970,KWZ595968,2/2/2023
654fad678a121891e734995e,Connor,Todd,11/14/1968,MHN948645,1/22/2023
654fad678a121891e734995f,Jesus,Jennings,2/7/1971,MTR655379,2/9/2023
654fad678a121891e7349960,Valerie,Garcia,6/9/1972,JPL511929,2/20/2023
654fad678a121891e7349961,Presley,Espinoza,7/19/1971,ZRH634160,2/13/2023
654fad678a121891e7349962,Remington,Fernandez,8/28/1970,RJJ377204,2/6/2023
654fad678a121891e7349963,Omar,Kelley,12/29/1971,PBF722118,2/17/2023
654fad678a121891e7349964,John,Jennings,5/1/1973,DDQ546516,2/28/2023
654fad678a121891e7349965,Jaxon,Gray,3/23/1974,EMV083725,3/7/2023
654fad678a121891e7349966,Mary,Thomas,11/19/1972,DFS295033,2/24/2023
654fad678a121891e7349967,Noelle,Contreras,10/11/1973,SBX178431,3/3/2023
654fad678a121891e7349968,Quinn,Hodges,1/4/1976,BOR114595,3/21/2023
654fad678a121891e7349969,Isabel,Craig,2/12/1975,CYK611337,3/14/2023
654fad678a121891e734996a,Genesis,Roman,5/6/1977,STT753162,4/1/2023
654fad678a121891e734996b,Emerson,Collins,7/25/1975,GPR479896,3/18/2023
654fad678a121891e734996c,Rose,Colon,9/7/1978,YEV390273,4/12/2023
654fad678a121891e734996d,Tristan,Higgins,6/15/1976,DNV464363,3/25/2023
654fad678a121891e734996e,Madelyn,Reeves,9/2/1974,JTR167544,3/10/2023
654fad678a121891e734996f,Amara,Berry,10/16/1977,YYJ811451,4/5/2023
654fad678a121891e7349970,Julia,Guzman,11/24/1976,LKQ998109,3/29/2023
654fad678a121891e7349971,Harper,Johnson,3/28/1978,FAA560895,4/8/2023
654fad678a121891e7349972,Kailani,Yang,7/30/1979,GSM676008,4/19/2023
654fad678a121891e7349973,Selena,Chambers,2/17/1979,FLR931462,4/16/2023
654fad678a121891e7349974,Brianna,Willis,1/9/1980,WNH563835,4/23/2023
654fad678a121891e7349975,Amira,Larson,6/20/1980,BHH319263,4/26/2023
654fad678a121891e7349976,Bentley,Saunders,11/30/1980,CHQ888966,4/30/2023
654fad678a121891e7349977,Ember,Martin,5/12/1981,DOM570621,5/4/2023
654fad678a121891e7349978,Ellie,Shelton,10/22/1981,WVE393020,5/7/2023
654fad678a121891e7349979,Charlie,Khan,4/3/1982,FEZ288155,5/11/2023
654fad678a121891e734997a,Benjamin,Davis,9/12/1982,PCK753472,5/15/2023
654fad678a121891e734997b,Leah,Avila,8/4/1983,VSQ052717,5/22/2023
654fad678a121891e734997c,Anastasia,Calderon,2/22/1983,EDK144632,5/18/2023
654fad678a121891e734997d,Adonis,Brooks,6/25/1984,OKP588679,5/29/2023
654fad678a121891e734997e,Nathaniel,Hines,5/17/1985,LMS597855,6/5/2023
654fad678a121891e734997f,Kehlani,Blair,1/14/1984,YRV354830,5/25/2023
654fad678a121891e7349980,Jude,Hawkins,10/27/1985,SCJ313044,6/9/2023
654fad678a121891e7349981,Abraham,Khan,4/8/1986,HQG337218,6/13/2023
654fad678a121891e7349982,June,Pacheco,2/28/1987,JOS035992,6/20/2023
654fad678a121891e7349983,Elias,Saunders,8/10/1987,FNC111768,6/23/2023
654fad678a121891e7349984,Aiden,Walton,9/18/1986,WAS106772,6/16/2023
654fad678a121891e7349985,Molly,Riley,1/20/1988,XZG884522,6/27/2023
654fad678a121891e7349986,John,Park,6/30/1988,UFM926084,7/1/2023
654fad678a121891e7349987,Lennox,Hale,12/10/1988,YYK158550,7/4/2023
654fad678a121891e7349988,Ashton,Person,5/22/1989,KDL188774,7/8/2023
654fad678a121891e7349989,Ethan,Woods,11/1/1989,LDI446212,7/11/2023
654fad678a121891e734998a,Lia,Robertson,12/5/1984,RGX016779,6/2/2023
654fad678a121891e734998b,Giovanni,Delgado,4/13/1990,QWN751034,7/15/2023
654fad678a121891e734998c,Legend,Salinas,9/23/1990,LIX853063,7/19/2023
654fad678a121891e734998d,Aria,Hawkins,3/5/1991,KTI206117,7/22/2023
654fad678a121891e734998e,Mila,Berry,8/15/1991,VSJ442785,7/26/2023
654fad678a121891e734998f,Bentley,Maxwell,7/6/1992,OLL388658,8/2/2023
654fad678a121891e7349990,Magnolia,Newman,1/25/1992,ZCO120401,7/30/2023
654fad678a121891e7349991,Lia,Ramos,12/16/1992,OEH765970,8/6/2023
654fad678a121891e7349992,Ariella,Tucker,5/28/1993,NCK512840,8/9/2023
654fad678a121891e7349993,Jace,Knight,4/18/1994,IAS764375,8/17/2023
654fad678a121891e7349994,Aliyah,Garcia,9/28/1994,DXX673645,8/20/2023
654fad678a121891e7349995,August,Fields,3/10/1995,OAG196108,8/24/2023
654fad678a121891e7349996,Maverick,Harvey,8/20/1995,QRY027019,8/28/2023
654fad678a121891e7349997,Kali,Vazquez,6/2/1997,RGU945568,9/11/2023
654fad678a121891e7349998,Matthew,Bennett,7/11/1996,VYU523284,9/4/2023
654fad678a121891e7349999,Iris,Young,11/6/1993,XVM323206,8/13/2023
654fad678a121891e734999a,Remington,Reeves,1/30/1996,QHS860788,8/31/2023
654fad678a121891e734999b,Alina,Maldonado,3/16/1999,TLE212722,9/25/2023
654fad678a121891e734999c,Naomi,Newman,12/21/1996,ESI722265,9/7/2023
654fad678a121891e734999d,Zoey,Daniels,8/25/1999,BNP074696,9/29/2023
654fad678a121891e734999e,Ayden,Cruz,2/4/2000,EWY337881,10/3/2023
654fad678a121891e734999f,Autumn,Hail,11/12/1997,HVU671567,9/15/2023
654fad678a121891e73499a0,Kaia,Richardson,10/4/1998,JYK348102,9/22/2023
654fad678a121891e73499a1,Sebastian,Herrera,4/24/1998,STF468442,9/18/2023
654fad678a121891e73499a2,Jaxon,Valencia,12/26/2000,LHW397801,10/10/2023
654fad678a121891e73499a3,Callum,Cummings,6/7/2001,VZM038311,10/14/2023
654fad678a121891e73499a4,Sophia,Mclaughlin,11/17/2001,YTE511264,10/17/2023
654fad678a121891e73499a5,Gael,Montoya,10/9/2002,QDX000986,10/24/2023
654fad678a121891e73499a6,Margaret,Hopkins,4/29/2002,IQL294256,10/21/2023
654fad678a121891e73499a7,William,Mendoza,3/21/2003,QWE193906,10/28/2023
654fad678a121891e73499a8,Scarlett,Davidson,7/22/2004,GUB762113,11/8/2023
654fad678a121891e73499a9,Stella,Roberts,1/1/2005,YIR494345,11/12/2023
654fad678a121891e73499aa,Ayla,Collins,2/10/2004,OHM072542,11/4/2023
654fad678a121891e73499ab,Emiliano,Carr,8/31/2003,WWG181302,11/1/2023
654fad678a121891e73499ac,Harrison,Newman,7/16/2000,YOE872472,10/6/2023
