first_name,last_name,date_of_birth,SSN,last_review_date
Ayden,Walker,1943-01-01,EUH555988,2022-06-27
Amelia,Norris,1943-06-12,YEF494130,2022-06-30
Collins,Lyons,1943-11-22,ORV044551,2022-07-04
Victoria,Carroll,1944-05-03,IKL923237,2022-07-07
Aubree,Coleman,1944-10-13,NOA104586,2022-07-11
Anthony,Brooks,1945-03-25,XZH270428,2022-07-15
Alice,Griffin,1945-09-04,QEN706600,2022-07-18
Asher,Brewer,1946-02-14,CIU222093,2022-07-22
Ayla,Mccoy,1946-07-27,OXW103220,2022-07-25
Addison,Rodriguez,1947-01-06,GMG271950,2022-07-29
Avery,Berry,1947-06-18,FLJ496126,2022-08-02
Eloise,Flores,1947-11-28,CMZ153217,2022-08-05
Maddox,Leon,1948-05-09,GTB923631,2022-08-09
Justin,Valdez,1948-10-18,RPJ996036,2022-08-13
Ember,Ryan,1949-03-30,ZGP343026,2022-08-16
Daisy,Payne,1949-09-09,TCQ302193,2022-08-20
Adriel,Farmer,1950-02-19,LPT607271,2022-08-23
Emma,Mullins,1950-08-01,XDY820049,2022-08-27
Everett,Khan,1951-01-11,OAN762069,2022-08-31
Sage,Jenkins,1951-06-23,PSJ762725,2022-09-03
Brianna,Newman,1951-12-03,ZIH620333,2022-09-07
Morgan,Wagner,1952-05-14,TQX644971,2022-09-10
Annie,Paul,1952-10-24,ICD911038,2022-09-14
Kyrie,Harris,1953-04-05,NWP043943,2022-09-18
Zachary,Morales,1953-09-15,KWH363147,2022-09-21
Bennett,Willis,1954-02-25,ZWR138697,2022-09-25
Zoey,Kim,1954-08-06,XEZ159587,2022-09-29
Bryson,King,1955-01-16,RFV376704,2022-10-02
Elliott,Harrington,1955-06-28,VXV169829,2022-10-06
Tate,Howell,1955-12-08,CSM538844,2022-10-09
Remington,Pierce,1956-05-19,KFO497858,2022-10-13
Tate,Harper,1956-10-29,RNJ109604,2022-10-17
Emiliano,Goodman,1957-04-10,GSQ435949,2022-10-20
Kairo,Singh,1957-09-20,YJT938939,2022-10-24
Dean,Lucas,1958-03-02,FSK417019,2022-10-28
Kaylee,Hanson,1958-08-12,OES931222,2022-10-31
Graham,Riley,1959-01-22,YPX354537,2022-11-04
Tate,Bailey,1959-07-04,AOU734063,2022-11-07
Sienna,Torres,1959-12-13,AFR861093,2022-11-11
Carter,Benson,1960-05-24,OVV646239,2022-11-15
Hayden,Montoya,1960-11-03,QWU076468,2022-11-18
Parker,Boyd,1961-04-15,YGS463628,2022-11-22
Thiago,Kim,1961-09-25,LZM330011,2022-11-25
Faith,Colon,1962-03-07,KTN312489,2022-11-29
Sophia,Warren,1962-08-17,WEG216250,2022-12-03
Aiden,Sanchez,1963-01-27,GYX536938,2022-12-06
Aliyah,Goodman,1963-07-09,EEJ401432,2022-12-10
Hailey,Logan,1963-12-19,WUK228016,2022-12-14
Madeline,Robertson,1964-05-30,HCA020052,2022-12-17
Jesse,Turner,1964-11-09,ZRM808511,2022-12-21
Emiliano,Moore,1965-04-21,HGK335888,2022-12-24
Samuel,Deleon,1965-09-30,MEY596508,2022-12-28
Chloe,Malone,1966-03-12,VMV529701,2023-01-01
Willow,Fisher,1966-08-22,YRN297409,2023-01-04
Lucy,Bennett,1967-02-01,UAG349468,2023-01-08
William,Fisher,1967-07-14,ZOR959743,2023-01-12
Liam,Parsons,1967-12-24,ZZN313011,2023-01-15
Luca,Fitzgerald,1968-06-04,VHO470095,2023-01-19
Connor,Todd,1968-11-14,MHN948645,2023-01-22
Lincoln,Schwartz,1969-04-26,CMQ448312,2023-01-26
Mila,Gordon,1969-10-06,WRP331497,2023-01-30
Luna,Paul,1970-03-18,KWZ595968,2023-02-02
Remington,Fernandez,1970-08-28,RJJ377204,2023-02-06
Jesus,Jennings,1971-02-07,MTR655379,2023-02-09
Presley,Espinoza,1971-07-19,ZRH634160,2023-02-13
Omar,Kelley,1971-12-29,PBF722118,2023-02-17
Valerie,Garcia,1972-06-09,JPL511929,2023-02-20
Mary,Thomas,1972-11-19,DFS295033,2023-02-24
John,Jennings,1973-05-01,DDQ546516,2023-02-28
Noelle,Contreras,1973-10-11,SBX178431,2023-03-03
Jaxon,Gray,1974-03-23,EMV083725,2023-03-07
Madelyn,Reeves,1974-09-02,JTR167544,2023-03-10
Isabel,Craig,1975-02-12,CYK611337,2023-03-14
Emerson,Collins,1975-07-25,GPR479896,2023-03-18
Quinn,Hodges,1976-01-04,BOR114595,2023-03-21
Tristan,Higgins,1976-06-15,DNV464363,2023-03-25
Julia,Guzman,1976-11-24,LKQ998109,2023-03-29
Genesis,Roman,1977-05-06,STT753162,2023-04-01
Amara,Berry,1977-10-16,YYJ811451,2023-04-05
Harper,Johnson,1978-03-28,FAA560895,2023-04-08
Rose,Colon,1978-09-07,YEV390273,2023-04-12
Selena,Chambers,1979-02-17,FLR931462,2023-04-16
Kailani,Yang,1979-07-30,GSM676008,2023-04-19
Brianna,Willis,1980-01-09,WNH563835,2023-04-23
Amira,Larson,1980-06-20,BHH319263,2023-04-26
Bentley,Saunders,1980-11-30,CHQ888966,2023-04-30
Ember,Martin,1981-05-12,DOM570621,2023-05-04
Ellie,Shelton,1981-10-22,WVE393020,2023-05-07
Charlie,Khan,1982-04-03,FEZ288155,2023-05-11
Benjamin,Davis,1982-09-12,PCK753472,2023-05-15
Anastasia,Calderon,1983-02-22,EDK144632,2023-05-18
Leah,Avila,1983-08-04,VSQ052717,2023-05-22
Kehlani,Blair,1984-01-14,YRV354830,2023-05-25
Adonis,Brooks,1984-06-25,OKP588679,2023-05-29
Lia,Robertson,1984-12-05,RGX016779,2023-06-02
Nathaniel,Hines,1985-05-17,LMS597855,2023-06-05
Jude,Hawkins,1985-10-27,SCJ313044,2023-06-09
Abraham,Khan,1986-04-08,HQG337218,2023-06-13
Aiden,Walton,1986-09-18,WAS106772,2023-06-16
June,Pacheco,1987-02-28,JOS035992,2023-06-20
Elias,Saunders,1987-08-10,FNC111768,2023-06-23
Molly,Riley,1988-01-20,XZG884522,2023-06-27
John,Park,1988-06-30,UFM926084,2023-07-01
Lennox,Hale,1988-12-10,YYK158550,2023-07-04
Ashton,Person,1989-05-22,KDL188774,2023-07-08
Ethan,Woods,1989-11-01,LDI446212,2023-07-11
Giovanni,Delgado,1990-04-13,QWN751034,2023-07-15
Legend,Salinas,1990-09-23,LIX853063,2023-07-19
Aria,Hawkins,1991-03-05,KTI206117,2023-07-22
Mila,Berry,1991-08-15,VSJ442785,2023-07-26
Magnolia,Newman,1992-01-25,ZCO120401,2023-07-30
Bentley,Maxwell,1992-07-06,OLL388658,2023-08-02
Lia,Ramos,1992-12-16,OEH765970,2023-08-06
Ariella,Tucker,1993-05-28,NCK512840,2023-08-09
Iris,Young,1993-11-06,XVM323206,2023-08-13
Jace,Knight,1994-04-18,IAS764375,2023-08-17
Aliyah,Garcia,1994-09-28,DXX673645,2023-08-20
August,Fields,1995-03-10,OAG196108,2023-08-24
Maverick,Harvey,1995-08-20,QRY027019,2023-08-28
Remington,Reeves,1996-01-30,QHS860788,2023-08-31
Matthew,Bennett,1996-07-11,VYU523284,2023-09-04
Naomi,Newman,1996-12-21,ESI722265,2023-09-07
Kali,Vazquez,1997-06-02,RGU945568,2023-09-11
Autumn,Hail,1997-11-12,HVU671567,2023-09-15
Sebastian,Herrera,1998-04-24,STF468442,2023-09-18
Kaia,Richardson,1998-10-04,JYK348102,2023-09-22
Alina,Maldonado,1999-03-16,TLE212722,2023-09-25
Zoey,Daniels,1999-08-25,BNP074696,2023-09-29
Ayden,Cruz,2000-02-04,EWY337881,2023-10-03
Harrison,Newman,2000-07-16,YOE872472,2023-10-06
Jaxon,Valencia,2000-12-26,LHW397801,2023-10-10
Callum,Cummings,2001-06-07,VZM038311,2023-10-14
Sophia,Mclaughlin,2001-11-17,YTE511264,2023-10-17
Margaret,Hopkins,2002-04-29,IQL294256,2023-10-21
Gael,Montoya,2002-10-09,QDX000986,2023-10-24
William,Mendoza,2003-03-21,QWE193906,2023-10-28
Emiliano,Carr,2003-08-31,WWG181302,2023-11-01
Ayla,Collins,2004-02-10,OHM072542,2023-11-04
Scarlett,Davidson,2004-07-22,GUB762113,2023-11-08
Stella,Roberts,2005-01-01,YIR494345,2023-11-12
